{"b050cb87f621892a78a8b95f491d5d17":{"statistic":{"failed":1,"broken":0,"skipped":0,"passed":0,"unknown":0,"total":1},"items":[{"uid":"92c00a398592bb4b","status":"failed","statusDetails":"expected [HomePageExpected.EXPECTED_TITLE] but found [Automation Exercise]","time":{"start":1747301170233,"stop":1747301170250,"duration":17}}]},"83c62deecc5acc2380c2141f4bee4389":{"statistic":{"failed":0,"broken":0,"skipped":0,"passed":1,"unknown":0,"total":1},"items":[{"uid":"c5f521151d5e5ec5","status":"passed","time":{"start":1747301170185,"stop":1747301170203,"duration":18}}]}}