{"uid":"b1a8273437954620fa374b796ffaacdd","name":"behaviors","children":[{"name":"testHomePageLoadsSuccessfully","uid":"c5f521151d5e5ec5","parentUid":"b1a8273437954620fa374b796ffaacdd","status":"passed","time":{"start":1747301170185,"stop":1747301170203,"duration":18},"flaky":false,"newFailed":false,"newPassed":false,"newBroken":false,"retriesCount":0,"retriesStatusChange":false,"parameters":["chrome"],"tags":[]},{"name":"testHomePageTitleSuccessfully","uid":"92c00a398592bb4b","parentUid":"b1a8273437954620fa374b796ffaacdd","status":"failed","time":{"start":1747301170233,"stop":1747301170250,"duration":17},"flaky":false,"newFailed":false,"newPassed":false,"newBroken":false,"retriesCount":0,"retriesStatusChange":false,"parameters":["chrome"],"tags":[]}]}