{"uid":"4b4757e66a1912dae1a509f688f20b0f","name":"categories","children":[{"name":"Product defects","children":[{"name":"expected [HomePageExpected.EXPECTED_TITLE] but found [Automation Exercise]","children":[{"name":"testHomePageTitleSuccessfully","uid":"92c00a398592bb4b","parentUid":"84db4508095fd727f59957aa787d7eea","status":"failed","time":{"start":1747301170233,"stop":1747301170250,"duration":17},"flaky":false,"newFailed":false,"newPassed":false,"newBroken":false,"retriesCount":0,"retriesStatusChange":false,"parameters":["chrome"],"tags":[]}],"uid":"84db4508095fd727f59957aa787d7eea"}],"uid":"8fb3a91ba5aaf9de24cc8a92edc82b5d"}]}