{"uid":"83edc06c07f9ae9e47eb6dd1b683e4e2","name":"packages","children":[{"name":"sample.SampleTest","children":[{"name":"testHomePageLoadsSuccessfully","uid":"c5f521151d5e5ec5","parentUid":"f9983f0bae1dac437326de497e113b8c","status":"passed","time":{"start":1747301170185,"stop":1747301170203,"duration":18},"flaky":false,"newFailed":false,"newPassed":false,"newBroken":false,"retriesCount":0,"retriesStatusChange":false,"parameters":["chrome"],"tags":[]},{"name":"testHomePageTitleSuccessfully","uid":"92c00a398592bb4b","parentUid":"f9983f0bae1dac437326de497e113b8c","status":"failed","time":{"start":1747301170233,"stop":1747301170250,"duration":17},"flaky":false,"newFailed":false,"newPassed":false,"newBroken":false,"retriesCount":0,"retriesStatusChange":false,"parameters":["chrome"],"tags":[]}],"uid":"sample.SampleTest"}]}