{"uid":"98d3104e051c652961429bf95fa0b5d6","name":"suites","children":[{"name":"DynamicSuite","children":[{"name":"Tests on chrome","children":[{"name":"sample.SampleTest","children":[{"name":"testHomePageLoadsSuccessfully","uid":"c5f521151d5e5ec5","parentUid":"2908ee200de5572813389298de25354e","status":"passed","time":{"start":1747301170185,"stop":1747301170203,"duration":18},"flaky":false,"newFailed":false,"newPassed":false,"newBroken":false,"retriesCount":0,"retriesStatusChange":false,"parameters":["chrome"],"tags":[]},{"name":"testHomePageTitleSuccessfully","uid":"92c00a398592bb4b","parentUid":"2908ee200de5572813389298de25354e","status":"failed","time":{"start":1747301170233,"stop":1747301170250,"duration":17},"flaky":false,"newFailed":false,"newPassed":false,"newBroken":false,"retriesCount":0,"retriesStatusChange":false,"parameters":["chrome"],"tags":[]}],"uid":"2908ee200de5572813389298de25354e"}],"uid":"3fac0ec482924e23c9be26dc6cb7b8f7"}],"uid":"9f37ac3f15470b01fe01ab2e720f0516"}]}