{"uid":"ab17fc5a4eb3bca4b216b548c7f9fcbc","name":"timeline","children":[{"name":"DESKTOP-UJAH6P0","children":[{"name":"7468@DESKTOP-UJAH6P0.TestNG-tests-1(59)","children":[{"name":"testHomePageTitleSuccessfully","uid":"92c00a398592bb4b","parentUid":"24457510fe4b1718d0dee963b207c1eb","status":"failed","time":{"start":1747301170233,"stop":1747301170250,"duration":17},"flaky":false,"newFailed":false,"newPassed":false,"newBroken":false,"retriesCount":0,"retriesStatusChange":false,"parameters":["chrome"],"tags":[]},{"name":"testHomePageLoadsSuccessfully","uid":"c5f521151d5e5ec5","parentUid":"24457510fe4b1718d0dee963b207c1eb","status":"passed","time":{"start":1747301170185,"stop":1747301170203,"duration":18},"flaky":false,"newFailed":false,"newPassed":false,"newBroken":false,"retriesCount":0,"retriesStatusChange":false,"parameters":["chrome"],"tags":[]}],"uid":"24457510fe4b1718d0dee963b207c1eb"}],"uid":"71fde359ec9fd674f90b31f906ee9d3e"}]}